index,_datetime_end,_datetime_start,_file_system,_jobid,topology_job_avg_radius,topology_job_max_radius,topology_job_min_radius,darshan_agg_perf_by_slowest_posix,darshan_app,darshan_biggest_read_api,darshan_biggest_read_api_bytes,darshan_biggest_read_fs,darshan_biggest_read_fs_bytes,darshan_biggest_write_api,darshan_biggest_write_api_bytes,darshan_biggest_write_fs,darshan_biggest_write_fs_bytes,darshan_end_time,darshan_io_time,darshan_jobid,darshan_start_time,darshan_total_gibs_posix,darshan_walltime,fshealth_ost_actual_timestamp,fshealth_ost_avg_full_kib,fshealth_ost_avg_full_pct,fshealth_ost_avg_overloaded_ost_per_oss,fshealth_ost_avg_overloaded_overload_factor,fshealth_ost_count,fshealth_ost_failures_lead_secs,fshealth_ost_fullness_lead_secs,fshealth_ost_least_full_id,fshealth_ost_least_full_kib,fshealth_ost_least_full_name,fshealth_ost_least_full_pct,fshealth_ost_most_full_id,fshealth_ost_most_full_kib,fshealth_ost_most_full_name,fshealth_ost_most_full_pct,fshealth_ost_next_timestamp,fshealth_ost_overloaded_oss_count,fshealth_ost_overloaded_ost_count,fshealth_ost_overloaded_pct,fshealth_ost_requested_timestamp,lmt_ave_bytes_read_per_timestep,lmt_ave_bytes_written_per_timestep,lmt_ave_gibs_read_per_timestep,lmt_ave_gibs_written_per_timestep,lmt_ave_mds_cpu,lmt_ave_oss_cpu,lmt_frac_missing,lmt_frac_zero_read,lmt_frac_zero_written,lmt_max_mds_cpu,lmt_max_oss_cpu,lmt_tot_bytes_read,lmt_tot_bytes_written,lmt_tot_gibs_read,lmt_tot_gibs_written
0,2017-02-15 12:52:15,2017-02-15 12:50:59,scratch1,3930036,4.28346117134,7.68931793799,1.7986065027,28747.802331,/home/glock/bin/hacc_io_write,lustre,0.0,/scratch1,0.0,posix,2.25056287949e+12,/scratch1,2.25056287949e+12,1487191935.0,74.65976,3930036,1487191859.0,2096.00001526,77.0,1487191503.0,55965754485.0,61.6582600204,0.0,1.0,24.0,356.0,356.0,8.0,51277070536.0,OST0008,56.4926708714,7.0,61658592152.0,OST0007,67.9301394644,1487191504.0,0.0,0.0,0.0,1487191859.0,153072082.489,6285522173.05,0.142559485965,5.85384869301,7.03001666667,15.9178565833,0.0,0.0,0.0,12.346,31.7584,55105949696.0,2.2627879823e+12,51.3214149475,2107.38552948
1,2017-02-15 12:58:38,2017-02-15 12:57:18,scratch2,3930037,4.24403173683,8.12071702018,0.644045745173,27334.719885,/home/glock/bin/hacc_io_write,lustre,0.0,/scratch2,0.0,posix,2.25056287949e+12,/scratch2,2.25056287949e+12,1487192318.0,78.519335,3930037,1487192238.0,2096.00001526,81.0,1487191503.0,52844567466.0,58.2196043181,2.0,2.0,24.0,735.0,735.0,3.0,50420152092.0,OST0003,55.5485917516,6.0,60972603076.0,OST0006,67.1743756369,1487191504.0,1.0,2.0,8.33333333333,1487192238.0,7329902.71265,5940565908.61,0.00682650386602,5.53258313668,2.023950625,15.2337761094,0.00260416666667,0.00260416666667,0.00260416666667,4.10907,38.1013,2814682641.66,2.28117730891e+12,2.62137748455,2124.51192449
2,2017-02-15 13:13:28,2017-02-15 13:12:34,scratch3,3930038,3.34066699953,6.57647321898,0.5,40600.685,/home/glock/bin/hacc_io_write,lustre,0.0,/scratch3,0.0,posix,2.25056287949e+12,/scratch3,2.25056287949e+12,1487193208.0,52.863739,3930038,1487193154.0,2096.00001526,55.0,1487191503.0,77020984696.0,84.8551037168,0.0,1.0,36.0,1651.0,1651.0,30.0,75863367556.0,OST001e,83.579740608,19.0,78952171848.0,OST0013,86.9827198038,1487191504.0,0.0,0.0,0.0,1487193154.0,1544522989.9,5723676210.38,1.43844912751,5.33058886451,20.0508743636,15.9396908561,0.0,0.010101010101,0.0656565656566,63.2589,31.3378,6.11631104e+11,2.26657577931e+12,569.625854492,2110.91319035
3,2017-02-15 17:47:14,2017-02-15 17:46:02,scratch1,3939448,7.04798797627,11.486877916,3.14417942519,30503.18197,/home/glock/bin/hacc_io_write,lustre,0.0,/scratch1,0.0,posix,2.25056287949e+12,/scratch1,2.25056287949e+12,1487209634.0,70.363283,3939448,1487209562.0,2096.00001526,73.0,1487209502.0,56101791981.0,61.8081344459,0.0,1.0,24.0,60.0,60.0,8.0,51405460672.0,OST0008,56.6341200927,7.0,61789392568.0,OST0007,68.0742441251,1487209503.0,0.0,0.0,0.0,1487209562.0,53553660.4016,6688891915.58,0.0498757328853,6.22951604014,5.51079214286,16.218508625,0.00297619047619,0.00297619047619,0.00595238095238,6.93333,29.6833,17994029894.9,2.24746768363e+12,16.7582462495,2093.11738949
4,2017-02-15 17:48:26,2017-02-15 17:47:11,scratch2,3939449,6.37703048866,9.74015741679,1.39038358157,29070.410118,/home/glock/bin/hacc_io_write,lustre,0.0,/scratch2,0.0,posix,2.25056287949e+12,/scratch2,2.25056287949e+12,1487209706.0,73.831226,3939449,1487209631.0,2096.00001526,76.0,1487209502.0,52998057516.0,58.3887064682,2.0,2.0,24.0,129.0,129.0,3.0,50595586572.0,OST0003,55.7418703893,6.0,61442340820.0,OST0006,67.691892326,1487209503.0,1.0,2.0,8.33333333333,1487209631.0,6966385.77778,6251594015.71,0.00648795233832,5.82225063416,0.9119278,15.76877075,0.0,0.0111111111111,0.00555555555556,1.77678,36.7512,2507898880.0,2.25057384566e+12,2.3356628418,2096.0102283
5,2017-02-15 17:58:00,2017-02-15 17:57:21,scratch3,3939450,6.71634347859,13.3452067596,3.4642161389,56466.436048,/home/glock/bin/hacc_io_write,lustre,0.0,/scratch3,0.0,posix,2.25056287949e+12,/scratch3,2.25056287949e+12,1487210280.0,38.010262,3939450,1487210241.0,2096.00001526,40.0,1487209502.0,77192063394.0,85.0435835281,0.0,1.0,36.0,739.0,739.0,30.0,76044114176.0,OST001e,83.7788717052,19.0,79092145808.0,OST0013,87.1369310871,1487209503.0,0.0,0.0,0.0,1487210241.0,10800095.4921,8698480903.4,0.0100583727398,8.1010916302,4.003708,21.2407029325,0.0,0.0,0.0,8.41597,31.8657,2721624064.0,2.19201718766e+12,2.53470993042,2041.47509081
6,2017-02-16 17:50:00,2017-02-16 17:48:38,scratch1,3952854,4.54660795554,9.0568409055,1.4013804578,26513.217324,/home/glock/bin/hacc_io_write,lustre,0.0,/scratch1,0.0,posix,2.25056287949e+12,/scratch1,2.25056287949e+12,1487296200.0,80.952228,3952854,1487296118.0,2096.00001526,83.0,1487295903.0,56298915024.0,62.0253076789,0.0,1.0,24.0,215.0,215.0,8.0,51468429200.0,OST0008,56.7034934069,7.0,61887627740.0,OST0007,68.1824711978,1487295904.0,0.0,0.0,0.0,1487296118.0,363338241.995,6141631113.46,0.338385106991,5.71983970092,5.511518125,16.9045491667,0.0,0.0,0.0,8.81908,29.9094,1.39521884926e+11,2.35838634757e+12,129.939881085,2196.41844515
7,2017-02-16 17:47:11,2017-02-16 17:45:48,scratch2,3952855,6.7729992367,11.0443994751,1.97895421009,26221.293148,/home/glock/bin/hacc_io_write,lustre,0.0,/scratch2,0.0,posix,2.25056287949e+12,/scratch2,2.25056287949e+12,1487296031.0,81.853477,3952855,1487295948.0,2096.00001526,84.0,1487295903.0,53137936325.0,58.5428129223,2.0,2.0,24.0,45.0,45.0,3.0,50740849292.0,OST0003,55.901908374,6.0,61744771788.0,OST0006,68.0250847833,1487295904.0,1.0,2.0,8.33333333333,1487295948.0,42301990.7312,5597604717.36,0.0393967989191,5.21317563705,5.09402882353,14.1230654118,0.00245098039216,0.00735294117647,0.00490196078431,10.4188,35.4835,17259212218.3,2.28382272468e+12,16.073893959,2126.97565992
8,2017-02-16 17:59:26,2017-02-16 17:58:42,scratch3,3952856,3.73047080866,8.03149318698,0.0698771242969,49605.826091,/home/glock/bin/hacc_io_write,lustre,0.0,/scratch3,0.0,posix,2.25056287949e+12,/scratch3,2.25056287949e+12,1487296766.0,43.267176,3952856,1487296722.0,2096.00001526,45.0,1487295903.0,77913858218.0,85.8387950525,0.0,1.0,36.0,819.0,819.0,30.0,76762220012.0,OST001e,84.5700190196,19.0,79828144224.0,OST0013,87.9477909089,1487295904.0,0.0,0.0,0.0,1487296722.0,33995017.4815,6910223384.19,0.031660327205,6.43564703333,2.46585055556,17.6469929877,0.0,0.0,0.0,7.26094,31.731,11014385664.0,2.23891237648e+12,10.2579460144,2085.1496388
9,2017-02-17 17:47:33,2017-02-17 17:46:00,scratch2,3978544,3.72790914978,6.98704856547,0.689273281254,23185.912391,/home/glock/bin/hacc_io_write,lustre,0.0,/scratch2,0.0,posix,2.25056287949e+12,/scratch2,2.25056287949e+12,1487382453.0,92.569314,3978544,1487382360.0,2096.00001526,94.0,1487382305.0,52887301092.0,58.2666845558,2.0,2.0,24.0,55.0,55.0,3.0,50463828420.0,OST0003,55.5967105773,6.0,61421457140.0,OST0006,67.6688844815,1487382306.0,1.0,2.0,8.33333333333,1487382360.0,91145512.4211,4997614362.34,0.0848858732926,4.65439107487,2.10089494737,12.7756875066,0.0,0.0,0.0,7.83671,35.557,41562353664.0,2.27891214923e+12,38.7079582214,2122.40233014
10,2017-02-17 17:47:55,2017-02-17 17:46:44,scratch1,3978543,4.0500807343,8.50348905873,0.429332239501,30379.393289,/home/glock/bin/hacc_io_write,lustre,0.0,/scratch1,0.0,posix,2.25056287949e+12,/scratch1,2.25056287949e+12,1487382475.0,70.649996,3978543,1487382404.0,2096.00001526,72.0,1487382305.0,56213640210.0,61.9313592152,0.0,1.0,24.0,99.0,99.0,8.0,51440600476.0,OST0008,56.6728341097,7.0,61798133072.0,OST0007,68.0838736615,1487382306.0,0.0,0.0,0.0,1487382404.0,8766561.52381,6702291996.62,0.00816449664888,6.24199583812,4.075375,18.8432040417,0.0,0.00297619047619,0.0,5.56885,34.9879,2945564672.0,2.25197011086e+12,2.74327087402,2097.31060161
11,2017-02-17 17:59:22,2017-02-17 17:58:38,scratch3,3978545,3.71800644836,7.81681131041,0.644235254003,49948.690102,/home/glock/bin/hacc_io_write,lustre,0.0,/scratch3,0.0,posix,2.25056287949e+12,/scratch3,2.25056287949e+12,1487383162.0,42.970176,3978545,1487383118.0,2096.00001526,45.0,1487382305.0,77855744380.0,85.7747702186,0.0,1.0,36.0,813.0,813.0,30.0,76744972228.0,OST001e,84.551016893,19.0,79802483888.0,OST0013,87.9195205553,1487382306.0,0.0,0.0,0.0,1487383118.0,27814848.7901,6935285651.99,0.0259045965878,6.45898808911,5.54194333333,17.3786670772,0.0,0.00925925925926,0.00617283950617,12.3656,33.2264,9012011008.0,2.24703255124e+12,8.39308929443,2092.71214087
12,2017-02-18 17:52:00,2017-02-18 17:50:29,scratch1,4015751,5.67082926043,8.92476488333,1.26670960471,24041.909454,/home/glock/bin/hacc_io_write,lustre,0.0,/scratch1,0.0,posix,2.25056287949e+12,/scratch1,2.25056287949e+12,1487469120.0,89.273442,4015751,1487469029.0,2096.00001526,92.0,1487468703.0,56101529521.0,61.80784529,0.0,1.0,24.0,326.0,326.0,8.0,51306374624.0,OST0008,56.5249555979,7.0,61658233512.0,OST0007,67.9297443457,1487468704.0,0.0,0.0,0.0,1487469029.0,755728611.556,5579864219.52,0.703827116225,5.19665351092,3.14026055556,16.7150978704,0.0,0.0,0.0,4.23227,31.7529,3.26474760192e+11,2.41050134283e+12,304.053314209,2244.95431672
13,2017-02-18 17:49:27,2017-02-18 17:48:06,scratch2,4015752,4.82482995402,9.47468164558,1.1336742412,26902.547858,/home/glock/bin/hacc_io_write,lustre,0.0,/scratch2,0.0,posix,2.25056287949e+12,/scratch2,2.25056287949e+12,1487468967.0,79.780697,4015752,1487468886.0,2096.00001526,82.0,1487468703.0,53264235383.0,58.6819583735,2.0,2.0,24.0,183.0,183.0,3.0,50838522976.0,OST0003,56.0095168474,6.0,61807334196.0,OST0006,68.0940106694,1487468704.0,1.0,2.0,8.33333333333,1487468886.0,36988960.4741,5822096219.31,0.0344486539011,5.42224964063,0.8330255,14.7058696354,0.00260416666667,0.0182291666667,0.0494791666667,2.05875,37.2197,14203760822.0,2.23568494822e+12,13.228283098,2082.143862
14,2017-02-18 18:04:35,2017-02-18 18:03:48,scratch3,4015753,5.92949058143,12.1162833117,3.24633582506,47205.660143,/home/glock/bin/hacc_io_write,lustre,0.0,/scratch3,0.0,posix,2.25056287949e+12,/scratch3,2.25056287949e+12,1487469875.0,45.46709,4015753,1487469828.0,2096.00001526,48.0,1487468703.0,78444566376.0,86.4234837054,0.0,1.0,36.0,1125.0,1125.0,30.0,77340814344.0,OST001e,85.2074645449,19.0,80367514976.0,OST0013,88.5420232637,1487468704.0,0.0,0.0,0.0,1487469828.0,64564704.4514,6928543861.39,0.060130566779,6.45270930732,3.34099177778,17.4459423364,0.00308641975309,0.00308641975309,0.00617283950617,16.4052,30.9654,20918964242.3,2.24484821109e+12,19.4823036364,2090.67781557
15,2017-02-19 17:53:36,2017-02-19 17:52:02,scratch1,4048963,5.22441628067,11.7520282699,2.37845400566,23291.886967,/home/glock/bin/hacc_io_write,lustre,0.0,/scratch1,0.0,posix,2.25056287949e+12,/scratch1,2.25056287949e+12,1487555616.0,92.148138,4048963,1487555522.0,2096.00001526,95.0,1487555103.0,56305349409.0,62.0323965315,0.0,1.0,24.0,419.0,419.0,8.0,51528641864.0,OST0008,56.769830547,7.0,61874421792.0,OST0007,68.1679220189,1487555104.0,0.0,0.0,0.0,1487555522.0,494464377.263,5050749000.9,0.460505836888,4.70387656326,3.29071210526,15.1972662149,0.0,0.0,0.0,4.90666,30.8132,2.25475756032e+11,2.30314154441e+12,209.990661621,2144.96771285
16,2017-02-19 17:59:26,2017-02-19 17:58:07,scratch2,4048965,5.60020817159,13.7255197562,1.85806151086,27860.074134,/home/glock/bin/hacc_io_write,lustre,0.0,/scratch2,0.0,posix,2.25056287949e+12,/scratch2,2.25056287949e+12,1487555966.0,77.038704,4048965,1487555887.0,2096.00001526,80.0,1487555103.0,53073239439.0,58.4715354517,2.0,2.0,24.0,784.0,784.0,14.0,50584964880.0,OST000e,55.7301683216,6.0,61710401948.0,OST0006,67.9872190464,1487555104.0,1.0,2.0,8.33333333333,1487555887.0,484746.666667,5908396251.13,0.000451455513636,5.50262280845,2.0825095,14.7339320469,0.0,0.223958333333,0.0208333333333,7.70582,38.011,186142720.0,2.26882416043e+12,0.173358917236,2113.00715845
17,2017-02-19 18:06:00,2017-02-19 18:05:16,scratch3,4048967,6.57784298288,11.1787921112,3.18881138771,51353.329018,/home/glock/bin/hacc_io_write,lustre,0.0,/scratch3,0.0,posix,2.25056287949e+12,/scratch3,2.25056287949e+12,1487556360.0,41.794837,4048967,1487556316.0,2096.00001526,45.0,1487555103.0,78877208405.0,86.9001315228,0.0,1.0,36.0,1213.0,1213.0,30.0,77772860892.0,OST001e,85.6834563124,19.0,80811739404.0,OST0013,89.0314315731,1487555104.0,0.0,0.0,0.0,1487556316.0,8589454.22222,7690679024.48,0.00799955262078,7.16250298962,50.016025,19.7941844931,0.0,0.0,0.0104166666667,51.9193,32.6206,2473762816.0,2.21491555905e+12,2.30387115479,2062.80086101
18,2017-02-20 17:57:57,2017-02-20 17:56:46,scratch1,4088886,3.82259070713,9.21894200012,1.00225575656,30854.505142,/home/glock/bin/hacc_io_write,lustre,0.0,/scratch1,0.0,posix,2.25056287949e+12,/scratch1,2.25056287949e+12,1487642277.0,69.562095,4088886,1487642206.0,2096.00001526,72.0,1487641503.0,56476321898.0,62.2207593309,0.0,1.0,24.0,703.0,703.0,8.0,51621354708.0,OST0008,56.8719735931,7.0,62033300612.0,OST0007,68.3429610528,1487641504.0,0.0,0.0,0.0,1487642206.0,26690828.1905,6568311811.91,0.024857770829,6.11721706755,3.04325857143,18.5222379613,0.00297619047619,0.014880952381,0.00892857142857,4.05439,32.5747,8968118272.0,2.2069527688e+12,8.35221099854,2055.3849347
19,2017-02-20 17:59:23,2017-02-20 17:58:03,scratch2,4088887,4.87801865913,14.385396631,1.29383585917,27170.574807,/home/glock/bin/hacc_io_write,lustre,0.0,/scratch2,0.0,posix,2.25056287949e+12,/scratch2,2.25056287949e+12,1487642363.0,78.993692,4088887,1487642283.0,2096.00001526,81.0,1487641503.0,53523972979.0,58.9681149416,2.0,2.0,24.0,780.0,780.0,14.0,50961634100.0,OST000e,56.1451501068,6.0,62305825448.0,OST0006,68.6432055032,1487641504.0,1.0,2.0,8.33333333333,1487642283.0,10044928.0,6290158388.07,0.00935506820679,5.85816650472,1.191311125,15.5193792656,0.0,0.122395833333,0.119791666667,3.92231,38.6439,3857252352.0,2.41542082102e+12,3.59234619141,2249.53593781
20,2017-02-20 18:10:43,2017-02-20 18:09:54,scratch3,4088888,4.23511121703,6.87795568567,0.948696165304,44939.804424,/home/glock/bin/hacc_io_write,lustre,0.0,/scratch3,0.0,posix,2.25056287949e+12,/scratch3,2.25056287949e+12,1487643043.0,47.759532,4088888,1487642994.0,2096.00001526,50.0,1487641503.0,78793577562.0,86.807994245,0.0,1.0,36.0,1491.0,1491.0,30.0,77703617980.0,OST001e,85.6071704209,19.0,80719735608.0,OST0013,88.9300696952,1487641504.0,0.0,0.0,0.0,1487642994.0,326587585.422,6252553878.34,0.304158390893,5.8231445759,5.1875746,16.8953149639,0.0,0.0,0.0861111111111,26.927,32.417,1.17571530752e+11,2.2509193962e+12,109.497020721,2096.33204732
21,2017-02-21 18:30:39,2017-02-21 18:29:25,scratch1,4100836,3.97179484884,7.77624792161,0.469075407884,29591.60978,/home/glock/bin/hacc_io_write,lustre,0.0,/scratch1,0.0,posix,2.25056287949e+12,/scratch1,2.25056287949e+12,1487730639.0,72.53083,4100836,1487730565.0,2096.00001526,75.0,1487730273.0,57060244415.0,62.8640749927,0.0,1.0,24.0,292.0,292.0,8.0,52227366080.0,OST0008,57.5396248576,7.0,62638434316.0,OST0007,69.009645378,1487730274.0,0.0,0.0,0.0,1487730565.0,61487923.2,6270322913.82,0.0572650909424,5.83969327977,5.34612666667,17.8308462278,0.0,0.0444444444444,0.0,7.04439,32.4851,22135652352.0,2.25731624898e+12,20.6154327393,2102.28958072
22,2017-02-21 18:35:52,2017-02-21 18:34:36,scratch2,4100837,4.45815965274,7.97789380418,0.913394520884,29212.27289,/home/glock/bin/hacc_io_write,lustre,0.0,/scratch2,0.0,posix,2.25056287949e+12,/scratch2,2.25056287949e+12,1487730952.0,73.472681,4100837,1487730876.0,2096.00001526,77.0,1487730604.0,53792656323.0,59.2641271662,2.0,2.0,24.0,272.0,272.0,14.0,51255960568.0,OST000e,56.4694137223,6.0,62524341160.0,OST0006,68.883947341,1487730605.0,1.0,2.0,8.33333333333,1487730876.0,35646597.1696,6312139888.44,0.0331984806522,5.87863837223,8.166098,15.5971531806,0.00555555555556,0.00555555555556,0.0333333333333,8.93628,35.4156,12832774981.0,2.27237035984e+12,11.9514530348,2116.309814
23,2017-02-21 19:01:26,2017-02-21 19:00:40,scratch3,4100838,4.09299019415,7.58160358306,0.511823104817,50553.003736,/home/glock/bin/hacc_io_write,lustre,0.0,/scratch3,0.0,posix,2.25056287949e+12,/scratch3,2.25056287949e+12,1487732486.0,42.456508,4100838,1487732440.0,2096.00001526,47.0,1487731505.0,78655325288.0,86.6556797674,0.0,1.0,36.0,935.0,935.0,30.0,77565831744.0,OST001e,85.455369384,19.0,80582445404.0,OST0013,88.7788151436,1487731506.0,0.0,0.0,0.0,1487732440.0,19439433.9556,6284395693.34,0.0181043836806,5.85279957702,1.0496393,16.7290860167,0.0,0.122222222222,0.00277777777778,2.49124,33.7535,6998196224.0,2.2623824496e+12,6.517578125,2107.00784773
24,2017-02-22 17:56:15,2017-02-22 17:55:05,scratch1,4112306,4.65047913709,7.58271848541,2.60662514162,31069.627205,/home/glock/bin/hacc_io_write,lustre,0.0,/scratch1,0.0,posix,2.25056287949e+12,/scratch1,2.25056287949e+12,1487814975.0,69.080456,4112306,1487814905.0,2096.00001526,71.0,1487814304.0,57319364387.0,63.1495511156,0.0,1.0,24.0,601.0,601.0,8.0,52496794056.0,OST0008,57.8364574538,7.0,62917848736.0,OST0007,69.3174801802,1487814305.0,0.0,0.0,0.0,1487814905.0,10696118.8571,6711858517.32,0.00996153695243,6.2509053548,1.91691857143,18.2430837024,0.0,0.0,0.0,3.36624,33.0025,3593895936.0,2.25518446182e+12,3.34707641602,2100.30419921
25,2017-02-22 18:08:04,2017-02-22 18:07:20,scratch3,4112308,6.81477473837,10.4913876045,3.45604020046,49495.935033,/home/glock/bin/hacc_io_write,lustre,0.0,/scratch3,0.0,posix,2.25056287949e+12,/scratch3,2.25056287949e+12,1487815684.0,43.363238,4112308,1487815640.0,2096.00001526,45.0,1487814304.0,78961377794.0,86.9928621242,0.0,1.0,36.0,1336.0,1336.0,30.0,77869144712.0,OST001e,85.7895335531,19.0,80883490108.0,OST0013,89.1104803344,1487814305.0,0.0,0.0,0.0,1487815640.0,17478870.9136,6927279902.08,0.0162784670606,6.45153215349,0.890998222222,17.484232321,0.00617283950617,0.037037037037,0.0,2.28213,33.5841,5663154176.0,2.24443868827e+12,5.27422332764,2090.29641773
26,2017-02-22 17:56:02,2017-02-22 17:54:22,scratch2,4112307,4.43850625767,11.6741076764,0.709605551742,25638.797026,/home/glock/bin/hacc_io_write,lustre,0.0,/scratch2,0.0,posix,2.25056287949e+12,/scratch2,2.25056287949e+12,1487814962.0,83.713133,4112307,1487814862.0,2096.00001526,101.0,1487814304.0,53616929920.0,59.0705269128,2.0,2.0,24.0,558.0,558.0,14.0,51183933912.0,OST000e,56.3900609409,6.0,62339372852.0,OST0006,68.6801651507,1487814305.0,1.0,2.0,8.33333333333,1487814862.0,21062536.2441,4813096780.79,0.0196160154828,4.48254568576,1.6570608,12.5145056062,0.00208333333333,0.00416666666667,0.00208333333333,4.49381,34.504,10110017397.2,2.31028645478e+12,9.41568743173,2151.62192916
27,,,,,,,,,,,,,,,,,,,,,,,,,,,,,,,,,,,,,,,,,,,,,,,,,,,,,,,,,,,
28,2017-02-24 10:47:53,2017-02-24 10:37:34,scratch1,4126010,4.11763794203,7.83733552459,0.333658695376,3473.553535,/home/glock/bin/hacc_io_write,lustre,0.0,/scratch1,0.0,posix,2.25056287949e+12,/scratch1,2.25056287949e+12,1487962073.0,617.898643,4126010,1487961454.0,2096.00001526,620.0,1487961004.0,57238002650.0,63.059913744,0.0,1.0,24.0,450.0,450.0,8.0,52435315988.0,OST0008,57.7687262003,7.0,62832243904.0,OST0007,69.223168131,1487961005.0,0.0,0.0,0.0,1487961454.0,289151274.628,774477765.025,0.26929310954,0.721288626106,0.960572532258,3.85287813575,0.000672043010753,0.0215053763441,0.357190860215,4.10159,33.7732,8.60514193294e+11,2.30484582872e+12,801.416293992,2146.55495129
29,2017-02-24 10:38:24,2017-02-24 10:37:17,scratch2,4126011,3.78623642386,7.78470054016,0.592927061282,32389.209056,/home/glock/bin/hacc_io_write,lustre,0.0,/scratch2,0.0,posix,2.25056287949e+12,/scratch2,2.25056287949e+12,1487961504.0,66.266021,4126011,1487961437.0,2096.00001526,68.0,1487961004.0,54008283083.0,59.5016862049,2.0,2.0,24.0,433.0,433.0,14.0,51439228768.0,OST000e,56.6713228797,6.0,62726588804.0,OST0006,69.1067664192,1487961005.0,1.0,2.0,8.33333333333,1487961437.0,1792393.84615,7178116936.09,0.00166929685152,6.68514234581,0.917277846154,18.4209820897,0.0,0.125,0.0929487179487,2.20634,42.6158,559226880.0,2.23957248406e+12,0.520820617676,2085.76441189
30,2017-02-24 10:52:10,2017-02-24 10:50:39,scratch3,4126012,3.78623642386,7.78470054016,0.592927061282,25867.357048,/home/glock/bin/hacc_io_write,lustre,0.0,/scratch3,0.0,posix,2.25056287949e+12,/scratch3,2.25056287949e+12,1487962330.0,82.973456,4126012,1487962239.0,2096.00001526,92.0,1487961903.0,79721511410.0,87.8303120358,0.0,1.0,36.0,336.0,336.0,30.0,78626251872.0,OST001e,86.6236491755,19.0,81649082272.0,OST0013,89.9539440052,1487961904.0,0.0,0.0,0.0,1487962239.0,4962896.75878,3476812150.62,0.00462205778694,3.23803364357,0.848629388889,12.4147838827,0.00462962962963,0.401234567901,0.416666666667,2.05006,69.5037,3215957099.69,2.2529742736e+12,2.99509344593,2098.24580103
31,2017-02-25 01:50:37,2017-02-25 01:49:31,scratch1,4130072,4.0718102695,7.06443557547,0.395284707521,33458.636246,/home/glock/bin/hacc_io_write,lustre,0.0,/scratch1,0.0,posix,2.25056287949e+12,/scratch1,2.25056287949e+12,1488016237.0,64.147983,4130072,1488016171.0,2096.00001526,67.0,1488015903.0,57446847612.0,63.2900011803,0.0,1.0,24.0,268.0,268.0,8.0,52636846532.0,OST0008,57.9907552393,7.0,63031661060.0,OST0007,69.4428688207,1488015904.0,0.0,0.0,0.0,1488016171.0,10189597.4291,7190092920.33,0.00948980211195,6.69629585028,1.40263007692,19.4958604231,0.00320512820513,0.0448717948718,0.00641025641026,3.31575,31.4668,3179154397.87,2.24330899114e+12,2.96081825893,2089.24430529
32,2017-02-25 02:02:06,2017-02-25 02:01:00,scratch2,4130073,4.0718102695,7.06443557547,0.395284707521,33113.460817,/home/glock/bin/hacc_io_write,lustre,0.0,/scratch2,0.0,posix,2.25056287949e+12,/scratch2,2.25056287949e+12,1488016926.0,64.816663,4130073,1488016860.0,2096.00001526,67.0,1488015903.0,54233994482.0,59.7503556324,2.0,2.0,24.0,957.0,957.0,14.0,51698693972.0,OST000e,56.9571793496,6.0,62952052576.0,OST0006,69.3551630326,1488015904.0,1.0,2.0,8.33333333333,1488016860.0,2031616.0,6703377086.37,0.00189208984375,6.24300640669,0.8530135,16.6193224286,0.0,0.181547619048,0.0625,2.6966,41.2338,682622976.0,2.25233470102e+12,0.6357421875,2097.65015265
33,2017-02-25 02:14:58,2017-02-25 02:13:29,scratch3,4130074,4.0718102695,7.06443557547,0.395284707521,24548.283352,/home/glock/bin/hacc_io_write,lustre,0.0,/scratch3,0.0,posix,2.25056287949e+12,/scratch3,2.25056287949e+12,1488017698.0,87.431939,4130074,1488017609.0,2096.00001526,90.0,1488015903.0,79807405595.0,87.9249428692,0.0,1.0,36.0,1706.0,1706.0,30.0,78713310704.0,OST001e,86.719563117,19.0,81734841724.0,OST0013,90.0484264014,1488015904.0,0.0,0.0,0.0,1488017609.0,3659080.69136,3587284085.2,0.0034077844502,3.34091865011,0.7305735,13.1666581049,0.0,0.401234567901,0.280864197531,2.01502,70.0201,2371084288.0,2.32456008721e+12,2.20824432373,2164.91528527
34,2017-02-26 01:53:48,2017-02-26 01:52:37,scratch2,4133598,5.60560040021,9.43976651695,2.19725781249,30878.059771,/home/glock/bin/hacc_io_write,lustre,0.0,/scratch2,0.0,posix,2.25056287949e+12,/scratch2,2.25056287949e+12,1488102828.0,69.509031,4133598,1488102757.0,2096.00001526,72.0,1488102303.0,54514618695.0,60.0595232806,2.0,2.0,24.0,454.0,454.0,14.0,51987506372.0,OST000e,57.2753680388,6.0,63205606032.0,OST0006,69.6345064465,1488102304.0,1.0,2.0,8.33333333333,1488102757.0,524714.666667,6770332656.75,0.000488678614299,6.30536364089,0.940581357143,17.0970560417,0.0,0.133928571429,0.0238095238095,2.21916,38.1087,176304128.0,2.27483177267e+12,0.164196014404,2118.60218334
35,2017-02-26 01:53:43,2017-02-26 01:52:41,scratch1,4133597,4.2450778447,7.76513768592,0.415166570487,35118.291845,/home/glock/bin/hacc_io_write,lustre,0.0,/scratch1,0.0,posix,2.25056287949e+12,/scratch1,2.25056287949e+12,1488102823.0,61.116413,4133597,1488102761.0,2096.00001526,63.0,1488102303.0,57509215125.0,63.3587123478,0.0,1.0,24.0,458.0,458.0,8.0,52717615060.0,OST0008,58.0797390643,7.0,63154402796.0,OST0007,69.5780951201,1488102304.0,0.0,0.0,0.0,1488102761.0,787527.111111,7770769511.39,0.000733441776699,7.23709306809,0.723498916667,20.2175836493,0.0,0.0173611111111,0.00694444444444,1.21508,31.6346,226807808.0,2.23798161928e+12,0.211231231689,2084.28280361
36,2017-02-26 02:07:24,2017-02-26 02:05:53,scratch3,4133599,4.2450778447,7.76513768592,0.415166570487,23795.071086,/home/glock/bin/hacc_io_write,lustre,0.0,/scratch3,0.0,posix,2.25056287949e+12,/scratch3,2.25056287949e+12,1488103644.0,90.199521,4133599,1488103553.0,2096.00001526,92.0,1488102303.0,79977891764.0,88.112769883,0.0,1.0,36.0,1250.0,1250.0,30.0,78881864524.0,OST001e,86.9052612346,19.0,81902846940.0,OST0013,90.2335201143,1488102304.0,0.0,0.0,0.0,1488103553.0,116470.518519,3469497002.59,0.000108471623173,3.23122088108,0.6163635,13.1382550247,0.0,0.50462962963,0.461419753086,1.56524,70.5377,75472896.0,2.24823405768e+12,0.0702896118164,2093.83113094
37,2017-02-27 01:54:17,2017-02-27 01:53:12,scratch1,4164522,4.37050044284,8.56916226898,0.713208940064,33502.967611,/home/glock/bin/hacc_io_write,lustre,0.0,/scratch1,0.0,posix,2.25056287949e+12,/scratch1,2.25056287949e+12,1488189257.0,64.063102,4164522,1488189192.0,2096.00001526,66.0,1488188703.0,57916797207.0,63.8077512686,0.0,1.0,24.0,489.0,489.0,8.0,53120105856.0,OST0008,58.5231688435,7.0,63802156596.0,OST0007,70.2917346055,1488188704.0,0.0,0.0,0.0,1488189192.0,33686448.8661,7231527025.15,0.0313729502876,6.73488436747,2.45103461538,19.2627745032,0.00641025641026,0.00641025641026,0.0128205128205,6.06022,31.768,10510172046.2,2.25623643185e+12,9.78836048974,2101.28392265
38,2017-02-27 01:54:49,2017-02-27 01:53:33,scratch2,4164523,5.8846962979,11.0476098147,1.20012816698,28531.16524,/home/glock/bin/hacc_io_write,lustre,0.0,/scratch2,0.0,posix,2.25056287949e+12,/scratch2,2.25056287949e+12,1488189289.0,75.226651,4164523,1488189213.0,2096.00001526,77.0,1488188703.0,54881505346.0,60.4637274718,2.0,2.0,24.0,510.0,510.0,14.0,52367476116.0,OST000e,57.6939860578,6.0,63581091128.0,OST0006,70.0481836656,1488188704.0,1.0,2.0,8.33333333333,1488189213.0,29783051.3778,6367857372.28,0.0277376280891,5.93052932273,1.44666933333,16.2190312028,0.0,0.0,0.00277777777778,4.12475,38.8192,10721898496.0,2.29242865402e+12,9.98554611206,2134.99055618
39,2017-02-27 02:08:02,2017-02-27 02:06:34,scratch3,4164524,4.37050044284,8.56916226898,0.713208940064,24472.646846,/home/glock/bin/hacc_io_write,lustre,0.0,/scratch3,0.0,posix,2.25056287949e+12,/scratch3,2.25056287949e+12,1488190082.0,87.702161,4164524,1488189994.0,2096.00001526,89.0,1488188703.0,80478299073.0,88.6640756638,0.0,1.0,36.0,1291.0,1291.0,30.0,79260753224.0,OST001e,87.3226882523,9.0,82432553984.0,OST0009,90.8171058259,1488188704.0,0.0,0.0,0.0,1488189994.0,116501.786073,3502364686.29,0.000108500743352,3.26183129688,1.15865044444,18.6570407623,0.00154320987654,0.45987654321,0.231481481481,4.23453,77.8401,75493157.375,2.26953231672e+12,0.0703084816923,2113.66668038
40,2017-02-28 02:00:03,2017-02-28 01:59:02,scratch1,4173777,6.1144673308,9.77458651319,2.97574217699,36403.646206,/home/glock/bin/hacc_io_write,lustre,0.0,/scratch1,0.0,posix,2.25056287949e+12,/scratch1,2.25056287949e+12,1488276003.0,58.95849,4173777,1488275942.0,2096.00001526,62.0,1488275418.0,58896992151.0,64.8876458449,0.0,1.0,24.0,524.0,524.0,8.0,54007997960.0,OST0008,59.5013720808,7.0,65275387144.0,OST0007,71.9148134514,1488275419.0,0.0,0.0,0.0,1488275942.0,1248014.22222,7568909985.89,0.0011623038186,7.04909673509,2.35659833333,21.0732478125,0.00347222222222,0.0868055555556,0.0868055555556,4.95286,30.6821,359428096.0,2.17984607594e+12,0.334743499756,2030.13985971
41,2017-02-28 01:54:03,2017-02-28 01:52:42,scratch2,4173778,5.30547392601,8.29062338037,1.64888175293,26913.49834,/home/glock/bin/hacc_io_write,lustre,0.0,/scratch2,0.0,posix,2.25056287949e+12,/scratch2,2.25056287949e+12,1488275643.0,79.748236,4173778,1488275562.0,2096.00001526,82.0,1488275418.0,55365238716.0,60.9966633391,2.0,2.0,24.0,144.0,144.0,14.0,52861470344.0,OST000e,58.2382264569,6.0,64070001052.0,OST0006,70.5868226154,1488275419.0,1.0,2.0,8.33333333333,1488275562.0,292629.333333,5924509958.33,0.000272532304128,5.51762986772,1.9446665625,15.149110263,0.0,0.1796875,0.0,3.41783,35.7189,112369664.0,2.275011824e+12,0.104652404785,2118.76986921
42,2017-02-28 02:05:38,2017-02-28 02:04:56,scratch3,4173779,4.42528775505,8.93614773424,2.52705091522,52057.71853,/home/glock/bin/hacc_io_write,lustre,0.0,/scratch3,0.0,posix,2.25056287949e+12,/scratch3,2.25056287949e+12,1488276338.0,41.229314,4173779,1488276296.0,2096.00001526,43.0,1488275418.0,80326608145.0,88.4969556318,0.0,1.0,36.0,878.0,878.0,30.0,79107086252.0,OST001e,87.1533911847,9.0,82241159584.0,OST0009,90.6062439195,1488275419.0,0.0,0.0,0.0,1488276296.0,3785798.98123,7611836750.81,0.00352580005417,7.08907540032,0.627874125,17.8542606458,0.00347222222222,0.0243055555556,0.0104166666667,1.11627,28.5623,1090310106.59,2.19220898423e+12,1.0154304156,2041.65371529
43,2017-03-01 01:55:59,2017-03-01 01:54:06,scratch1,4197395,5.97584599214,9.30994682387,3.07765899074,29873.820609,/home/glock/bin/hacc_io_write,lustre,0.0,/scratch1,0.0,posix,2.25056287949e+12,/scratch1,2.25056287949e+12,1488362159.0,71.845649,4197395,1488362046.0,2096.00001526,114.0,1488361503.0,59034545931.0,65.0391907818,0.0,1.0,24.0,543.0,543.0,8.0,54156086388.0,OST0008,59.6645231879,7.0,65436903616.0,OST0007,72.0927584236,1488361504.0,0.0,0.0,0.0,1488362046.0,14585607.7576,4282095680.3,0.0135839057691,3.98801237373,6.07438681818,15.5507174242,0.0,0.0397727272727,0.0,12.5791,36.9488,7701200896.0,2.2609465192e+12,7.17230224609,2105.67053333
44,2017-03-01 02:01:36,2017-03-01 02:00:03,scratch2,4197396,4.38246159834,7.85675745428,0.539571770307,23435.812419,/home/glock/bin/hacc_io_write,lustre,0.0,/scratch2,0.0,posix,2.25056287949e+12,/scratch2,2.25056287949e+12,1488362496.0,91.582232,4197396,1488362403.0,2096.00001526,94.0,1488361503.0,55419291685.0,61.0562142564,2.0,2.0,24.0,900.0,900.0,14.0,52967431000.0,OST000e,58.3549648041,6.0,64020728192.0,OST0006,70.5325380115,1488361504.0,1.0,2.0,8.33333333333,1488362403.0,7730750.87719,5004297743.95,0.00719982281066,4.66061545904,2.70413278947,16.1920070395,0.0,0.00877192982456,0.0197368421053,7.18155,44.8956,3525222400.0,2.28195977124e+12,3.28311920166,2125.24064932
45,2017-03-01 02:19:33,2017-03-01 02:17:35,scratch3,4197397,3.40926747135,6.90563133541,0.612571743247,18347.383003,/home/glock/bin/hacc_io_write,lustre,0.0,/scratch3,0.0,posix,2.25056287949e+12,/scratch3,2.25056287949e+12,1488363573.0,116.98148,4197397,1488363455.0,2096.00001526,119.0,1488361503.0,80920764961.0,89.151546565,0.0,1.0,36.0,1952.0,1952.0,30.0,79976963168.0,OST001e,88.1117468357,9.0,82569601036.0,OST0009,90.9680924934,1488361504.0,0.0,0.0,0.0,1488363455.0,11868117.3333,2885044712.58,0.0110530455907,2.6869072696,1.81577175,23.4029704653,0.0,0.12037037037,0.0300925925926,4.80443,72.4975,10254053376.0,2.49267863167e+12,9.54983139038,2321.48788093
46,2017-03-01 06:29:11,2017-03-01 06:26:24,scratch3,4198747,4.88339273342,8.80356442482,1.98106576923,17790.593635,/home/glock/bin/hacc_io_write,lustre,0.0,/scratch3,0.0,posix,2.25056287949e+12,/scratch3,2.25056287949e+12,1488378551.0,120.642631,4198747,1488378384.0,2096.00001526,168.0,1488378226.0,82186571301.0,90.5461032392,0.0,1.0,36.0,158.0,158.0,8.0,81251799984.0,OST0008,89.5162525126,9.0,83780155080.0,OST0009,92.3017769349,1488378227.0,0.0,0.0,0.0,1488378384.0,572273.041922,1874894499.37,0.000532970802786,1.74613157229,3.03934997059,33.0130442157,0.000816993464052,0.492647058824,0.302287581699,9.06573,77.1978,700462203.312,2.29487086723e+12,0.65235626261,2137.26504448
47,2017-03-02 02:01:04,2017-03-02 01:58:56,scratch2,4210074,4.09906944423,7.57056646246,0.500975610684,23033.161202,/home/glock/bin/hacc_io_write,lustre,0.0,/scratch2,0.0,posix,2.25056287949e+12,/scratch2,2.25056287949e+12,1488448864.0,93.183215,4210074,1488448736.0,2096.00001526,129.0,1488447903.0,55917357683.0,61.6049405819,2.0,2.0,24.0,833.0,833.0,14.0,53416828864.0,OST000e,58.8500727609,6.0,64526699924.0,OST0006,71.0899741955,1488447904.0,1.0,2.0,8.33333333333,1488448736.0,339797.333333,3445651303.74,0.000316460927327,3.20901284343,9.1265856,13.4025465667,0.0,0.0583333333333,0.173333333333,14.0355,43.1595,203878400.0,2.06739078224e+12,0.189876556396,1925.40770606
48,2017-03-02 02:26:36,2017-03-02 02:23:36,scratch3,4210075,3.91433613021,7.84581957259,0.238505273789,20790.669995,/home/glock/bin/hacc_io_write,lustre,0.0,/scratch3,0.0,posix,2.25056287949e+12,/scratch3,2.25056287949e+12,1488450396.0,103.233999,4210075,1488450216.0,2096.00001526,181.0,1488450197.0,81931771283.0,90.2653864704,0.0,1.0,36.0,19.0,19.0,8.0,80844428656.0,OST0008,89.0674457825,19.0,83692403340.0,OST0013,92.2050996069,1488450198.0,0.0,0.0,0.0,1488450216.0,3372300.64198,1736556319.9,0.00314069971626,1.61729410281,0.723449083333,5.82440707253,0.000771604938272,0.45524691358,0.456018518519,3.47978,35.3435,4370501632.0,2.25057699059e+12,4.07034683228,2096.01315724
49,2017-03-03 02:00:11,2017-03-03 01:57:47,scratch2,4222019,4.24113710683,7.58963365799,1.18955414442,15128.457794,/home/glock/bin/hacc_io_write,lustre,0.0,/scratch2,0.0,posix,2.25056287949e+12,/scratch2,2.25056287949e+12,1488535211.0,141.871964,4222019,1488535067.0,2096.00001526,145.0,1488534303.0,56511086874.0,62.2590603946,2.0,2.0,24.0,764.0,764.0,14.0,53993067520.0,OST000e,59.4849230048,6.0,65130259420.0,OST0006,71.7549241937,1488534304.0,1.0,2.0,8.33333333333,1488535067.0,31113149.8519,3918112499.04,0.0289763788245,3.64902662024,12.5556327586,13.7114037931,0.0014367816092,0.0416666666667,0.0359195402299,21.5032,38.2087,21654752297.0,2.72700629933e+12,20.1675596619,2539.72252769
50,2017-03-03 01:57:36,2017-03-03 01:56:14,scratch1,4222018,4.32999850354,8.74523098274,1.41233492537,26619.564339,/home/glock/bin/hacc_io_write,lustre,0.0,/scratch1,0.0,posix,2.25056287949e+12,/scratch1,2.25056287949e+12,1488535056.0,80.628818,4222018,1488534974.0,2096.00001526,83.0,1488534303.0,59792538975.0,65.8742823951,0.0,1.0,24.0,671.0,671.0,8.0,54783292792.0,OST0008,60.3555253177,7.0,66111044488.0,OST0007,72.8354689179,1488534304.0,0.0,0.0,0.0,1488534974.0,2598200.12033,5543253286.12,0.00241976242543,5.16255692218,5.19884235294,16.4988699314,0.00490196078431,0.0906862745098,0.00490196078431,7.20618,30.6482,1060065649.09,2.26164734074e+12,0.987263069575,2106.32322425
51,2017-03-03 02:14:34,2017-03-03 02:13:04,scratch3,4222020,4.32999850354,8.74523098274,1.41233492537,24329.07371,/home/glock/bin/hacc_io_write,lustre,0.0,/scratch3,0.0,posix,2.25056287949e+12,/scratch3,2.25056287949e+12,1488536074.0,88.219718,4222020,1488535984.0,2096.00001526,91.0,1488534303.0,82266593799.0,90.6342651524,0.0,1.0,36.0,1681.0,1681.0,8.0,81171291776.0,OST0008,89.4275554858,19.0,84029511296.0,OST0013,92.5764961904,1488534304.0,0.0,0.0,0.0,1488535984.0,213636.223356,3466975490.45,0.000198964237567,3.2288725399,2.28764122222,38.6227840154,0.00154320987654,0.155864197531,0.12037037037,6.90604,77.0045,138436272.734,2.24660011781e+12,0.128928825943,2092.30940585
52,2017-03-03 16:52:30,2017-03-03 16:51:08,scratch2,4229402,3.66917213949,8.99998304577,0.544582247433,26602.78378,/home/glock/bin/hacc_io_write,lustre,0.0,/scratch2,0.0,posix,2.25056287949e+12,/scratch2,2.25056287949e+12,1488588750.0,80.679677,4229402,1488588668.0,2096.00001526,83.0,1488588304.0,55791985487.0,61.4668162677,2.0,2.0,24.0,364.0,364.0,14.0,53152474960.0,OST000e,58.5588303413,6.0,64399661848.0,OST0006,70.9500145578,1488588305.0,1.0,2.0,8.33333333333,1488588668.0,1516053.33333,6024769968.44,0.00141193469365,5.61100427847,1.2159805,15.792284013,0.0,0.0833333333333,0.0,3.45738,35.3807,582164480.0,2.31351166788e+12,0.542182922363,2154.62564293
53,2017-03-03 16:54:10,2017-03-03 16:53:07,scratch1,4229401,4.45835773093,8.77435922919,0.699556918923,34731.377883,/home/glock/bin/hacc_io_write,lustre,0.0,/scratch1,0.0,posix,2.25056287949e+12,/scratch1,2.25056287949e+12,1488588850.0,61.797261,4229401,1488588787.0,2096.00001526,64.0,1488588304.0,60024115182.0,66.1294131642,0.0,1.0,24.0,483.0,483.0,8.0,54975998680.0,OST0008,60.5678321088,7.0,66181217244.0,OST0007,72.9127792316,1488588305.0,0.0,0.0,0.0,1488588787.0,3590144.0,7736703263.43,0.00334358215332,7.20536640233,2.34532633333,20.7009195243,0.00347222222222,0.0243055555556,0.0,3.2632,33.1979,1033961472.0,2.22817053987e+12,0.962951660156,2075.14552387
54,2017-03-03 17:03:51,2017-03-03 17:02:25,scratch3,4229403,3.36266791236,7.18469289613,0.525416036793,25426.691123,/home/glock/bin/hacc_io_write,lustre,0.0,/scratch3,0.0,posix,2.25056287949e+12,/scratch3,2.25056287949e+12,1488589431.0,84.411456,4229403,1488589345.0,2096.00001526,87.0,1488588304.0,82045181040.0,90.3903315971,0.0,1.0,36.0,1041.0,1041.0,8.0,80990183808.0,OST0008,89.2280262865,19.0,83813564200.0,OST0013,92.338584233,1488588305.0,0.0,0.0,0.0,1488589345.0,6466286.26946,3988863183.0,0.00602219837667,3.71491832938,0.625372,11.4933351327,0.00462962962963,0.203703703704,0.106481481481,1.71722,62.5252,4190153502.61,2.58478334259e+12,3.90238454808,2407.26707744

